Department	Years	Job Rate	Monthly Salary
Manufacturing	11	Senior	72408
Finance	10	Lead	95650
Manufacturing	9	Junior	30483
IT	2	Senior	61760
Sales	9	Lead	94486
Quality	6	Lead	93544
Marketing	4	Senior	65312
Finance	8	Mid	43008
Sales	5	Junior	25120
Sales	12	Lead	99076
Sales	0	Junior	18000
Manufacturing	12	Junior	30648
Manufacturing	8	Lead	94224
Sales	9	Lead	98194
Marketing	1	Mid	35849
Quality	10	Mid	48020
Marketing	11	Senior	75191
Finance	0	Mid	35000
HR	10	Junior	32560
IT	12	Junior	29700
HR	0	Lead	85000
Quality	4	Senior	65236
Manufacturing	10	Mid	47220
Quality	1	Lead	86162
Marketing	13	Junior	34588
Marketing	7	Senior	69478
Sales	0	Lead	85000
Finance	9	Lead	93442
Sales	6	Junior	26940
Finance	14	Lead	104432
Sales	9	Senior	72708
Quality	8	Mid	41424
Marketing	10	Mid	48460
Finance	12	Senior	70548
IT	9	Junior	28647
Finance	1	Mid	36125
IT	1	Lead	85872
HR	8	Lead	96912
Marketing	2	Mid	37680
Manufacturing	9	Junior	27468
Marketing	9	Senior	71961
HR	0	Mid	35000
Marketing	15	Mid	55745
HR	10	Mid	48240
Quality	15	Senior	82125
HR	1	Senior	61031
Marketing	13	Mid	47467
HR	15	Junior	36630
Marketing	4	Senior	64124
Marketing	10	Mid	46830
Manufacturing	3	Mid	38819
HR	14	Senior	76814
Sales	10	Junior	27440
HR	9	Junior	25641
Manufacturing	7	Lead	94072
HR	8	Junior	24440
Manufacturing	13	Junior	35537
Manufacturing	15	Mid	53735
IT	9	Mid	47780
IT	11	Senior	72595
Sales	1	Senior	61168
IT	12	Lead	97468
Finance	9	Senior	72654
Marketing	13	Junior	36161
Quality	0	Junior	18000
Marketing	3	Senior	63525
Marketing	1	Lead	86043
Marketing	5	Mid	41130
IT	12	Mid	46220
Finance	2	Junior	20520
HR	12	Mid	44888
HR	10	Senior	72100
Quality	5	Mid	41515
IT	2	Junior	20202
Manufacturing	2	Mid	37260
HR	1	Lead	86312
Sales	6	Lead	91228
HR	2	Mid	37938
Quality	14	Junior	34394
Marketing	6	Lead	92218
HR	0	Lead	85000
Sales	0	Senior	60000
Finance	5	Junior	22670
IT	7	Senior	68855
IT	2	Lead	87824
Sales	9	Lead	96385
HR	0	Mid	35000
Manufacturing	9	Junior	30690
Manufacturing	10	Senior	73700
Manufacturing	9	Senior	69459
HR	10	Lead	96830
Manufacturing	8	Senior	70728
Manufacturing	2	Junior	20202
Quality	11	Junior	29385
HR	12	Senior	71868
HR	14	Senior	78984
IT	1	Junior	19232
Marketing	8	Mid	44312
Manufacturing	2	Senior	61646
Marketing	2	Lead	86848
Finance	2	Senior	61694
Manufacturing	10	Senior	68820
Manufacturing	8	Junior	28376
Marketing	3	Junior	22467
Marketing	11	Mid	47364
HR	1	Lead	85905
Finance	12	Senior	77832
Manufacturing	10	Lead	96560
Finance	5	Lead	89135
Manufacturing	13	Senior	76003
Finance	2	Senior	62332
IT	7	Lead	95304
Sales	1	Lead	86339
Manufacturing	6	Senior	66918
Finance	4	Mid	39100
Manufacturing	12	Junior	33804
IT	14	Mid	47390
Manufacturing	6	Junior	25734
Marketing	15	Junior	39150
HR	0	Mid	35000
Quality	5	Lead	89225
Sales	13	Mid	47272
IT	11	Senior	74256
HR	10	Mid	46590
Marketing	4	Lead	88340
IT	3	Lead	88483
HR	10	Junior	30180
IT	10	Senior	72750
Finance	13	Senior	76887
Sales	4	Mid	38328
Quality	4	Senior	63284
Quality	8	Mid	44848
Manufacturing	11	Mid	49795
Sales	6	Mid	41204
HR	12	Senior	75060
Sales	7	Lead	90663
HR	0	Junior	18000
Manufacturing	14	Lead	102500
HR	7	Lead	92112
Finance	12	Mid	49016
HR	4	Junior	23296
Finance	11	Mid	45329
Sales	5	Junior	24410
HR	2	Mid	37020
Quality	4	Senior	65628
HR	9	Junior	31338
Quality	15	Senior	80325
IT	14	Junior	31272
Finance	13	Senior	75054
Quality	2	Junior	19842
Quality	10	Junior	26210
Manufacturing	11	Mid	44988
HR	1	Senior	60962
Finance	8	Senior	68576
Sales	6	Lead	90952
Marketing	10	Lead	94080
HR	8	Lead	94280
IT	8	Junior	26048
IT	14	Junior	33512
Manufacturing	5	Senior	67305
Marketing	7	Mid	40845
Quality	12	Senior	72840
HR	2	Mid	36826
Manufacturing	11	Lead	100697
IT	14	Junior	37978
Marketing	10	Lead	94110
Finance	11	Senior	69779
Sales	11	Lead	94405
Quality	3	Junior	21198
HR	10	Lead	98070
Marketing	12	Mid	52496
Manufacturing	5	Senior	66985
Quality	15	Senior	74115
Manufacturing	3	Lead	87568
Manufacturing	12	Senior	74784
Quality	9	Mid	44234
Sales	3	Mid	38126
Finance	3	Senior	64017
HR	8	Mid	46304
Marketing	11	Mid	50939
Finance	2	Mid	37260
Quality	1	Junior	19296
IT	7	Junior	23873
Manufacturing	10	Junior	30910
IT	8	Lead	92200
Quality	12	Lead	98968
IT	0	Mid	35000
Finance	4	Mid	38864
Quality	8	Mid	44144
IT	9	Lead	96088
HR	0	Junior	18000
IT	2	Mid	37836
Manufacturing	13	Junior	32235
Marketing	15	Lead	103075
Sales	5	Senior	65005
HR	2	Junior	20192
Marketing	3	Junior	21282
Quality	4	Junior	22336
Manufacturing	14	Senior	79334
Manufacturing	10	Senior	74310
Manufacturing	11	Senior	73233
Quality	0	Junior	18000
Finance	4	Junior	22560
Marketing	9	Lead	92335
IT	9	Junior	31041
Finance	4	Lead	89824
HR	10	Mid	49820
IT	13	Lead	103265
Manufacturing	15	Senior	78975
Marketing	0	Senior	60000
Finance	4	Junior	22696
Manufacturing	14	Junior	33624
Marketing	13	Lead	100600
HR	13	Junior	30662
Sales	10	Mid	47320
Finance	15	Senior	81360
Quality	3	Senior	64101
Sales	8	Junior	26440
Finance	8	Junior	26520
Manufacturing	0	Mid	35000
Quality	3	Mid	38552
Finance	5	Mid	39880
Sales	1	Junior	19496
Sales	7	Junior	23768
Finance	6	Mid	42302
Finance	11	Junior	30463
Marketing	3	Lead	87946
HR	9	Lead	92893
Finance	10	Senior	73500
Marketing	7	Senior	68806
Quality	8	Junior	25088
HR	15	Senior	77010
Quality	3	Lead	89068
Quality	1	Junior	19466
HR	12	Junior	29208
IT	6	Junior	25734
Quality	7	Junior	24279
Finance	6	Junior	23328
Marketing	8	Mid	41416
HR	14	Senior	74700
HR	3	Mid	38732
Marketing	7	Senior	70269
Quality	9	Senior	70323
Marketing	0	Mid	35000
Manufacturing	15	Senior	78240
IT	0	Senior	60000
IT	15	Mid	49865
Sales	7	Lead	94646
Quality	12	Junior	31308
Finance	4	Mid	39536
Sales	14	Mid	53340
Finance	2	Junior	20292
Marketing	12	Senior	74016
HR	5	Senior	64120
Finance	4	Junior	22344
HR	8	Senior	70176
IT	11	Junior	26987
IT	2	Mid	36684
HR	11	Mid	47859
Quality	12	Senior	74160
HR	12	Junior	32040
IT	11	Junior	27702
Marketing	14	Lead	105174
Quality	1	Lead	86150
Manufacturing	6	Mid	43688
Finance	6	Junior	26874
Sales	14	Mid	51058
IT	11	Junior	33224
Manufacturing	12	Junior	28764
Sales	12	Senior	72768
Sales	5	Junior	23605
Marketing	13	Senior	73897
Quality	11	Mid	48541
Sales	14	Mid	48818
HR	12	Mid	52196
Finance	11	Mid	49762
Finance	5	Mid	41275
Finance	2	Junior	20232
Finance	15	Lead	101185
Marketing	15	Lead	97000
Finance	12	Junior	31236
Marketing	5	Junior	22975
Finance	1	Lead	86334
Marketing	13	Lead	102914
Sales	1	Senior	61104
Sales	9	Mid	43352
Marketing	5	Senior	64010
Quality	9	Senior	72195
Manufacturing	8	Junior	29432
Marketing	13	Lead	96505
Manufacturing	14	Junior	34842
IT	0	Senior	60000
Marketing	7	Mid	45003
Marketing	4	Mid	38480
Quality	10	Lead	93150
Sales	7	Senior	69758
Quality	10	Senior	70070
Finance	3	Senior	62952
IT	15	Mid	50555
IT	0	Senior	60000
Sales	2	Mid	36770
HR	11	Lead	95945
IT	2	Mid	36786
HR	10	Senior	73190
Manufacturing	13	Junior	29739
Manufacturing	13	Senior	70803
Quality	1	Mid	36482
HR	8	Mid	46136
Quality	2	Junior	20304
Quality	1	Junior	19194
Quality	12	Junior	33696
Finance	5	Senior	66525
Manufacturing	1	Junior	19442
IT	4	Junior	22404
Marketing	2	Lead	87798
IT	7	Senior	69226
Finance	13	Lead	99768
Marketing	4	Mid	40784
Marketing	13	Lead	103057
Sales	1	Senior	60987
Sales	2	Mid	37138
Quality	5	Junior	22080
Marketing	14	Junior	36620
Quality	6	Senior	68196
Marketing	5	Mid	40755
Quality	12	Junior	30852
Marketing	3	Senior	63993
Sales	4	Senior	64816
Quality	11	Lead	94691
HR	11	Junior	27812
Manufacturing	9	Mid	46853
Quality	2	Senior	61726
Finance	5	Junior	23045
Finance	5	Senior	67135
Finance	10	Lead	96740
IT	3	Senior	64245
IT	3	Mid	38750
Finance	7	Junior	25889
Sales	6	Mid	41750
HR	7	Mid	41090
Finance	9	Lead	94945
HR	7	Senior	68708
Sales	1	Lead	85814
IT	15	Senior	81480
Sales	14	Junior	36984
Finance	2	Lead	87334
Finance	8	Mid	42504
IT	7	Mid	43057
Finance	10	Lead	98280
Quality	11	Mid	49663
Finance	11	Lead	94559
Quality	15	Junior	31920
Manufacturing	9	Lead	94558
HR	8	Senior	67720
Finance	10	Junior	26920
Finance	2	Mid	37010
Sales	15	Junior	35940
HR	10	Senior	69090
Marketing	9	Mid	45692
Finance	2	Senior	62852
Finance	2	Mid	36880
Marketing	8	Senior	70760
IT	0	Mid	35000
Manufacturing	3	Junior	21825
Quality	12	Lead	95752
Marketing	6	Mid	42248
IT	5	Mid	42090
Quality	3	Mid	38426
Sales	13	Mid	46076
Marketing	4	Mid	40808
Quality	3	Junior	21651
HR	1	Senior	61290
IT	4	Mid	39332
Manufacturing	4	Junior	22296
Manufacturing	3	Junior	21543
IT	4	Senior	63912
Finance	12	Senior	72972
HR	14	Senior	72362
Sales	4	Lead	90768
Manufacturing	15	Mid	56555
Quality	9	Lead	96412
Finance	9	Junior	27540
IT	12	Senior	69888
Quality	12	Lead	96124
Quality	14	Junior	33778
IT	0	Senior	60000
Quality	2	Lead	87626
IT	5	Mid	40485
Finance	12	Senior	77052
IT	0	Junior	18000
IT	13	Lead	96856
Manufacturing	4	Mid	39432
Marketing	14	Junior	36480
Finance	13	Mid	47753
Manufacturing	14	Junior	38174
Sales	2	Junior	19950
Quality	5	Lead	90425
Marketing	5	Junior	22620
Quality	6	Junior	26826
Marketing	13	Lead	103941
IT	9	Lead	94666
Marketing	1	Junior	19402
Marketing	15	Mid	51560
Finance	11	Mid	46539
Marketing	10	Senior	72480
Finance	14	Senior	80636
IT	12	Senior	76704
Marketing	12	Mid	51092
Marketing	12	Lead	96844
Sales	5	Junior	22975
HR	9	Junior	28089
Quality	13	Lead	103239
Finance	2	Lead	87710
Quality	9	Senior	69756
Quality	2	Lead	87184
Finance	8	Mid	43160
Sales	12	Junior	28200
IT	6	Junior	26100
Manufacturing	1	Mid	35831
Manufacturing	15	Junior	39630
HR	5	Mid	39155
Marketing	13	Senior	70725
IT	12	Senior	75336
Quality	7	Lead	91951
Marketing	4	Senior	64132
Finance	10	Lead	96790
Manufacturing	6	Senior	66348
HR	8	Mid	45888
IT	9	Junior	25569
Quality	11	Junior	30287
IT	13	Lead	102160
Sales	8	Mid	44424
Sales	1	Mid	36278
HR	5	Lead	91065
HR	5	Junior	25050
Sales	12	Junior	31620
Marketing	4	Lead	89896
Quality	1	Lead	86039
Finance	1	Lead	86363
Finance	12	Lead	102592
Quality	14	Mid	51534
Finance	15	Mid	56450
IT	10	Junior	29600
Marketing	0	Lead	85000
Finance	11	Mid	50785
IT	15	Mid	51305
HR	13	Lead	100392
Marketing	8	Junior	26744
Marketing	13	Lead	104448
Quality	9	Mid	42362
HR	0	Mid	35000
Manufacturing	0	Lead	85000
Quality	13	Lead	97194
Quality	15	Lead	98980
Marketing	15	Junior	35010
Finance	7	Senior	66559
Finance	4	Junior	23584
Marketing	0	Mid	35000
Sales	7	Lead	94030
Manufacturing	6	Lead	92590
Marketing	15	Lead	99355
Quality	12	Mid	46412
HR	0	Senior	60000
Finance	6	Senior	66960
HR	8	Lead	95576
Manufacturing	11	Senior	72111
Finance	7	Lead	92868
Marketing	6	Lead	91234
Quality	3	Mid	39281
Finance	9	Lead	94603
IT	0	Lead	85000
IT	4	Junior	23608
IT	2	Mid	36604
Finance	10	Lead	93600
HR	10	Junior	28280
Marketing	1	Mid	35906
Quality	5	Senior	67415
Manufacturing	0	Junior	18000
HR	0	Senior	60000
Quality	10	Lead	95390
Finance	10	Lead	97690
Sales	2	Mid	37314
Finance	5	Junior	24605
Sales	3	Mid	38486
IT	4	Lead	88372
IT	8	Lead	92008
Sales	4	Lead	90112
Quality	4	Junior	23980
Manufacturing	5	Mid	41155
Manufacturing	8	Mid	44880
Marketing	13	Senior	72948
Sales	10	Mid	43330
Sales	3	Lead	88981
Manufacturing	8	Junior	25776
Sales	1	Mid	36141
Marketing	13	Lead	99976
HR	11	Senior	71308
HR	5	Junior	23450
IT	8	Senior	70640
Quality	13	Senior	71401
Sales	13	Mid	48546
Quality	13	Lead	99898
HR	13	Senior	77277
Finance	5	Senior	65280
Sales	4	Mid	39020
Sales	10	Lead	96380
IT	8	Mid	42512
HR	4	Junior	22496
Finance	9	Senior	69684
Sales	14	Lead	99980
Quality	9	Senior	69855
Marketing	11	Senior	69075
Sales	7	Senior	67518
HR	6	Junior	26304
Finance	15	Senior	79455
Quality	12	Junior	29436
Manufacturing	12	Senior	73044
Sales	7	Senior	67413
IT	9	Junior	30672
Marketing	14	Senior	76142
Quality	13	Senior	72558
Marketing	14	Mid	54390
Manufacturing	11	Lead	99201
Marketing	14	Mid	55804
Manufacturing	0	Mid	35000
Finance	13	Mid	53421
Sales	10	Lead	99550
Manufacturing	13	Mid	53200
Manufacturing	1	Senior	60980
Quality	7	Junior	26596
Finance	12	Lead	95812
Quality	4	Mid	38876
Finance	13	Senior	78811
Finance	0	Mid	35000
HR	13	Senior	75691
Quality	1	Junior	19444
Marketing	7	Senior	70451
IT	10	Lead	97080
Sales	15	Senior	79470
Marketing	10	Lead	94700
Sales	12	Lead	102616
Finance	13	Mid	49196
HR	3	Lead	87802
Quality	12	Senior	74220
Marketing	9	Mid	44531
Quality	6	Mid	40652
Marketing	10	Junior	28840
HR	15	Senior	74910
HR	7	Senior	68568
Manufacturing	5	Junior	25290
Quality	0	Junior	18000
IT	3	Mid	38039
HR	5	Lead	89290
Manufacturing	6	Junior	23496
Sales	13	Junior	35173
IT	1	Mid	35907
Finance	8	Lead	91904
Finance	15	Mid	54785
Finance	13	Lead	97246
Manufacturing	14	Mid	49546
Finance	0	Mid	35000
Sales	3	Senior	64500
Sales	9	Junior	29079
Sales	10	Junior	32080
Sales	12	Junior	29292
HR	1	Lead	86035
Finance	13	Mid	53057
Finance	8	Junior	29808
HR	4	Senior	64464
Sales	11	Senior	72606
Marketing	7	Mid	41538
Finance	11	Senior	75246
Quality	14	Senior	72824
Finance	7	Junior	25714
Finance	6	Junior	24768
Finance	15	Senior	75240
Finance	12	Mid	46040
Sales	8	Senior	67664
Marketing	11	Lead	96044
Quality	6	Senior	66114
Sales	12	Senior	70488
IT	14	Junior	38412
Manufacturing	7	Junior	25336
IT	6	Junior	25368
Marketing	6	Senior	68832
Quality	0	Mid	35000
Manufacturing	6	Junior	24888
Marketing	13	Mid	50041
Sales	3	Senior	64038
Finance	15	Junior	35235
Manufacturing	2	Lead	87878
Sales	6	Lead	90922
Quality	6	Senior	64878
HR	8	Lead	93384
IT	3	Junior	21339
Quality	10	Mid	46470
Marketing	13	Lead	96258
HR	4	Lead	90148
Finance	0	Junior	18000
HR	6	Mid	43346
Finance	11	Lead	98453
Manufacturing	12	Mid	51524
HR	10	Senior	71630
Finance	8	Lead	94048
Manufacturing	7	Senior	67980
Quality	13	Senior	70517
Manufacturing	9	Lead	96385
Manufacturing	1	Senior	61268
Marketing	3	Senior	64452
IT	0	Mid	35000
Sales	13	Senior	76133
Finance	8	Junior	28480
IT	7	Mid	43729
Sales	5	Senior	64500
Quality	8	Junior	26912
Manufacturing	15	Mid	49715
Manufacturing	9	Mid	47204
HR	2	Senior	61698
Manufacturing	7	Lead	93715
HR	9	Lead	95908
HR	1	Senior	60950
Finance	14	Mid	50526
Manufacturing	14	Mid	47236
Quality	14	Mid	53354
IT	10	Senior	72480
Quality	4	Mid	39756
Marketing	1	Mid	36082
Manufacturing	14	Junior	35934
Sales	10	Senior	70800
Manufacturing	7	Lead	91286
Finance	9	Mid	48104
Manufacturing	2	Mid	36682
Quality	12	Mid	48476
Manufacturing	15	Mid	47840
HR	9	Lead	98203
Marketing	6	Junior	24270
Marketing	1	Mid	36087
IT	7	Senior	70486
Marketing	0	Mid	35000
Quality	3	Senior	64257
Finance	7	Mid	41832
Finance	7	Senior	68778
Finance	14	Mid	47348
Quality	13	Junior	32729
HR	4	Lead	89528
HR	12	Mid	50576
Quality	11	Lead	99267
Marketing	5	Mid	40110
HR	7	Junior	24566
Sales	3	Junior	21015
Sales	12	Mid	48092
Quality	14	Lead	103368
Finance	2	Mid	37998
Manufacturing	13	Mid	47285
Manufacturing	13	Senior	79357
Manufacturing	8	Mid	44592
HR	13	Mid	50145
Quality	14	Lead	100414
Manufacturing	3	Senior	63801
Quality	9	Junior	25506
HR	0	Senior	60000
Quality	8	Mid	43664
Manufacturing	6	Senior	66006
Manufacturing	13	Lead	100639
Manufacturing	13	Lead	97350
Sales	5	Mid	41270
HR	4	Lead	88368
Sales	3	Mid	37829
Marketing	8	Junior	29704
Quality	2	Lead	86998
Sales	12	Junior	33216
Manufacturing	13	Senior	78915
Quality	1	Mid	36439
Finance	11	Lead	94361
Manufacturing	1	Lead	86085
Marketing	10	Mid	49000
Manufacturing	5	Mid	39390
HR	7	Lead	94044
Marketing	9	Lead	92920
HR	6	Junior	26304
Marketing	6	Senior	68958
IT	6	Junior	26760
IT	5	Lead	89820
HR	9	Senior	71223
IT	3	Lead	88741
IT	4	Lead	90020
HR	8	Lead	95112
Quality	7	Junior	26092
Finance	10	Senior	74090
Marketing	9	Mid	45908
Quality	13	Junior	35511
Finance	1	Senior	60955
IT	1	Senior	61333
Finance	3	Lead	88570
Manufacturing	8	Junior	24648
IT	6	Lead	91324
Marketing	2	Junior	20498
Quality	5	Mid	42010
Quality	9	Lead	92677
Manufacturing	10	Lead	93580
Sales	15	Junior	32340
Finance	14	Lead	102808
HR	3	Senior	63981
Marketing	14	Mid	46550
Sales	12	Mid	51440
IT	5	Senior	67430
Quality	11	Mid	44350
Finance	9	Mid	42785
Sales	13	Lead	97792
Quality	6	Mid	40184
Sales	15	Junior	30690
Sales	4	Junior	22720
HR	13	Mid	48676
Quality	8	Lead	92448
Finance	13	Senior	74768
Sales	0	Junior	18000
Finance	14	Junior	34954
Quality	10	Mid	48070
Quality	1	Junior	19337
IT	8	Junior	29728
Finance	8	Junior	29976
Marketing	8	Senior	70584
Sales	2	Lead	87806
Manufacturing	7	Lead	91426
Finance	12	Mid	46004
Sales	3	Junior	22128
Quality	9	Junior	25956
Sales	0	Lead	85000
HR	4	Lead	88208
Quality	5	Mid	40290
Manufacturing	15	Senior	72135
Finance	10	Lead	93450
Finance	2	Mid	37576
Manufacturing	9	Lead	96358
Manufacturing	5	Junior	22540
Marketing	1	Mid	36225
IT	9	Lead	93226
Manufacturing	11	Lead	100884
Manufacturing	1	Lead	86026
Finance	8	Senior	68768
Quality	11	Senior	74685
IT	14	Lead	96788
Marketing	12	Senior	76212
IT	9	Mid	43784
Marketing	9	Lead	93154
Finance	10	Junior	26250
Finance	0	Mid	35000
Finance	15	Junior	30270
Finance	11	Senior	69504
Quality	5	Mid	41700
Quality	6	Senior	65388
Quality	15	Junior	31860
Manufacturing	9	Mid	44558
Manufacturing	13	Lead	98884
Marketing	11	Lead	100246
Marketing	13	Junior	34549
IT	12	Junior	27612
Manufacturing	5	Lead	92270
Manufacturing	11	Senior	73585
Finance	14	Senior	73650
IT	5	Junior	23875
IT	15	Mid	52700
Sales	13	Mid	53486
Sales	6	Mid	41810
Quality	8	Senior	67728
IT	11	Mid	45868
Finance	7	Junior	24139
Marketing	14	Mid	51128
HR	3	Senior	63135
Quality	4	Lead	89732
Sales	7	Lead	94947
Marketing	12	Mid	47192
Quality	12	Junior	31488
Quality	5	Senior	64410
Manufacturing	3	Junior	22287
Manufacturing	2	Junior	20114
Marketing	9	Lead	94783
Marketing	3	Lead	87778
HR	3	Junior	21387
Quality	2	Lead	87370
Marketing	14	Senior	75904
Quality	9	Lead	94810
IT	15	Senior	72390
Manufacturing	1	Lead	86066
Marketing	9	Lead	92704
HR	2	Lead	87814
Manufacturing	15	Mid	54860
Quality	9	Junior	30114
HR	3	Mid	39317
Sales	12	Mid	48944
IT	7	Lead	95437
Manufacturing	15	Senior	77115
Sales	11	Lead	95307
IT	4	Junior	23364
Quality	12	Senior	77124
Marketing	0	Junior	18000
HR	0	Lead	85000
HR	8	Senior	66512
Finance	1	Senior	61140
Quality	8	Mid	46704
Marketing	7	Junior	23817
Finance	15	Senior	81270
Sales	5	Mid	40110
IT	14	Junior	31664
HR	1	Lead	85915
Sales	12	Mid	50708
Sales	5	Junior	23110
Sales	15	Senior	82290
Marketing	3	Senior	63246
IT	14	Senior	79684
Quality	1	Mid	36253
Finance	5	Mid	39440
Quality	15	Lead	103300
Sales	7	Lead	93400
Marketing	13	Lead	99274
Quality	12	Mid	49676
HR	14	Junior	36102
Finance	5	Senior	66820
HR	15	Lead	105295
HR	15	Senior	74565
IT	11	Senior	69295
Finance	6	Junior	23196
Marketing	10	Senior	71820
Sales	6	Senior	66336
HR	15	Junior	31905
Quality	8	Senior	69368
HR	7	Mid	44464
Finance	3	Senior	62670
Marketing	10	Mid	48340
Marketing	5	Senior	65095
Sales	12	Junior	29220
IT	12	Junior	32508
IT	13	Mid	52823
Quality	10	Senior	73710
Quality	15	Lead	100585
IT	11	Lead	96715
Finance	4	Senior	65872
Sales	7	Lead	91125
Finance	1	Junior	19328
Finance	6	Senior	67002
HR	5	Lead	92475
Manufacturing	8	Mid	42736
Manufacturing	7	Mid	44268
Finance	8	Lead	95080
Manufacturing	15	Mid	55355
Quality	13	Mid	49105
Sales	9	Mid	43163
Manufacturing	8	Junior	26016
IT	0	Senior	60000
Sales	13	Senior	75990
HR	8	Senior	68240
Finance	15	Junior	31830
HR	0	Lead	85000
Finance	3	Senior	63939
Finance	2	Mid	36956
Manufacturing	10	Junior	29640
Manufacturing	9	Lead	95179
Quality	6	Senior	66234
Quality	13	Senior	73455
Finance	8	Lead	95480
Manufacturing	9	Lead	96151
Quality	14	Mid	50848
Sales	9	Mid	48500
Sales	2	Senior	61826
Marketing	8	Senior	70264
Sales	10	Lead	99690
Quality	11	Junior	29528
Sales	7	Senior	66748
IT	3	Senior	62985
Marketing	11	Senior	73970
Finance	12	Mid	45536
HR	12	Junior	28644
Manufacturing	0	Mid	35000
HR	1	Lead	86103
Marketing	6	Junior	24294
Sales	5	Junior	25500
Sales	7	Junior	27107
Manufacturing	9	Mid	47528
Sales	6	Lead	92326
Finance	9	Senior	67812
HR	5	Junior	23530
IT	10	Senior	68650
IT	7	Junior	25322
Sales	15	Senior	76350
HR	14	Lead	96340
IT	10	Junior	31790
Marketing	6	Senior	66510
HR	12	Senior	77436
Sales	2	Senior	62410
Finance	7	Mid	44443
Marketing	0	Junior	18000
Finance	6	Junior	24558
Quality	9	Junior	27639
Marketing	12	Lead	100948
Finance	5	Lead	89335
IT	9	Lead	97987
Quality	2	Senior	61742
Manufacturing	5	Mid	42480
Finance	5	Senior	64790
HR	2	Junior	19952
Sales	0	Lead	85000
Manufacturing	15	Senior	72225
IT	2	Junior	20326
IT	5	Mid	41735
Marketing	0	Lead	85000
Sales	10	Lead	99510
Marketing	4	Mid	38212
Finance	12	Lead	102868
IT	0	Junior	18000
HR	3	Mid	38162
Marketing	11	Mid	51478
Manufacturing	5	Junior	22300
Finance	10	Lead	96150
Manufacturing	10	Lead	95210
Quality	2	Junior	19670
HR	8	Senior	71768
IT	9	Junior	26667
Sales	1	Junior	18878
Manufacturing	13	Lead	101575
Marketing	9	Senior	68838
Marketing	5	Junior	24010
Manufacturing	2	Mid	37700
IT	9	Junior	29115
Marketing	11	Mid	48475
Sales	15	Lead	103435
Quality	2	Mid	37652
Quality	12	Lead	97912
Quality	4	Mid	39740
HR	7	Junior	28493
Quality	10	Mid	44940
HR	15	Senior	73890
Quality	8	Mid	43728
IT	10	Senior	72020
Manufacturing	8	Senior	67280
Marketing	12	Mid	49304
Marketing	0	Lead	85000
Quality	3	Mid	37757
Manufacturing	1	Lead	86341
Finance	11	Junior	26932
Marketing	3	Lead	87856
Manufacturing	7	Senior	68491
Quality	7	Lead	93568
IT	11	Lead	97529
IT	0	Mid	35000
Finance	3	Junior	22008
IT	9	Mid	42920
HR	8	Senior	69672
Finance	8	Lead	93448
Marketing	5	Junior	23065
Quality	7	Mid	41762
HR	10	Lead	97750
Finance	6	Lead	93472
Sales	9	Mid	45953
IT	8	Lead	92744
Manufacturing	3	Mid	38132
IT	8	Junior	28976
HR	6	Junior	26814
HR	12	Lead	97144
Finance	14	Lead	104964
Sales	13	Junior	30714
Finance	8	Lead	96456
HR	11	Mid	49366
Quality	10	Mid	43400
Finance	0	Mid	35000
Sales	11	Lead	100939
Quality	12	Mid	47288
Marketing	3	Mid	37676
Manufacturing	5	Mid	40610
Manufacturing	15	Junior	33345
Finance	6	Lead	91996
IT	10	Senior	69460
Marketing	2	Junior	20394
Marketing	15	Lead	102190
IT	14	Senior	79012
Marketing	14	Senior	72866
HR	2	Junior	20662
Finance	14	Senior	72824
Marketing	4	Junior	22816
HR	12	Mid	45992
HR	11	Senior	72232
Sales	11	Lead	99542
IT	3	Lead	89137
Marketing	15	Senior	75900
Manufacturing	1	Lead	86010
IT	3	Senior	62820
Manufacturing	6	Senior	64944
HR	5	Senior	64645
HR	10	Junior	30080
Marketing	10	Junior	29520
Finance	9	Senior	70863
Quality	1	Lead	86397
Manufacturing	4	Senior	64608
Marketing	8	Junior	28088
HR	14	Senior	79586
Finance	8	Junior	26880
HR	4	Mid	40068
Quality	5	Mid	39390
Quality	8	Senior	67752
IT	1	Junior	19293
Finance	4	Senior	63204
Sales	13	Lead	100925
HR	11	Junior	33972
Quality	11	Lead	98662
Quality	5	Junior	23695
Manufacturing	9	Junior	30699
IT	5	Senior	66375
Manufacturing	4	Junior	23232
Finance	5	Senior	65490
Finance	11	Lead	93943
IT	6	Junior	25128
Quality	10	Senior	74900
Finance	8	Senior	67960
HR	4	Junior	23612
Manufacturing	2	Mid	37108
Finance	8	Junior	27384
Manufacturing	7	Junior	26582
Finance	2	Mid	36858
Marketing	15	Junior	36210
Sales	14	Junior	32868
Quality	1	Senior	60844
Sales	8	Senior	66584
Sales	5	Mid	39780
IT	9	Junior	27729
Sales	11	Senior	71583
Sales	0	Lead	85000
Marketing	1	Lead	85971
Sales	0	Senior	60000
Finance	8	Lead	91680
Sales	10	Lead	96270
Finance	10	Senior	68710
Manufacturing	3	Junior	21852
Manufacturing	2	Junior	19802
Manufacturing	6	Senior	68172
HR	14	Mid	51506
Finance	8	Mid	46368
HR	8	Senior	68832
Sales	10	Junior	32600
Quality	11	Mid	51500
Sales	13	Senior	72558
Sales	11	Lead	95604
Finance	14	Senior	77598
HR	11	Senior	72980
IT	13	Junior	36486
Manufacturing	14	Junior	35332
Sales	0	Senior	60000
HR	3	Mid	37976
Marketing	15	Senior	76560
Finance	8	Senior	71216
Sales	12	Mid	52028
HR	12	Lead	99076
Finance	11	Senior	73651
IT	9	Mid	42632
Marketing	13	Lead	102914
Marketing	8	Lead	95296
IT	12	Lead	101200
IT	14	Lead	96578
IT	8	Mid	44224
Quality	8	Junior	25192
HR	11	Junior	32344
IT	13	Mid	45517
Quality	4	Senior	65604
Sales	9	Senior	67209
HR	15	Lead	105355
Marketing	5	Senior	65465
IT	9	Mid	44801
Marketing	12	Senior	72504
HR	9	Junior	26532
Quality	8	Senior	67968
Sales	4	Lead	90680
Marketing	14	Mid	51422
Manufacturing	12	Mid	44768
Marketing	9	Senior	72735
Manufacturing	13	Lead	99079
Quality	10	Lead	94650
Manufacturing	13	Senior	72233
IT	3	Senior	63174
Finance	11	Senior	72859
Marketing	3	Junior	22500
Manufacturing	2	Lead	86670
Marketing	2	Junior	20302
Finance	13	Mid	45764
Quality	15	Mid	47015
Quality	0	Senior	60000
Finance	0	Lead	85000
HR	9	Lead	94252
IT	15	Senior	72870
IT	6	Mid	40010
Quality	13	Mid	50145
Sales	1	Lead	85950
Finance	12	Senior	74220
Sales	0	Junior	18000
Quality	7	Lead	94597
Manufacturing	0	Mid	35000
Manufacturing	4	Senior	65336
Finance	14	Junior	37768
Sales	4	Junior	23020
Sales	5	Mid	40620
Quality	5	Senior	67490
Marketing	4	Lead	88836
HR	11	Lead	93976
Finance	5	Junior	23420
Quality	5	Junior	24055
Finance	5	Senior	67375
Marketing	15	Mid	48560
Manufacturing	0	Junior	18000
Manufacturing	4	Lead	90244
HR	11	Lead	96759
HR	3	Lead	88735
Finance	4	Lead	90856
Quality	1	Senior	61255
Manufacturing	8	Senior	66904
HR	6	Junior	26790
IT	4	Lead	89156
Sales	3	Mid	38078
Manufacturing	15	Mid	53000
Finance	4	Lead	90772
Sales	4	Lead	90008
Marketing	1	Lead	85809
Marketing	3	Junior	21699
IT	15	Lead	107275
Manufacturing	3	Mid	38129
Marketing	1	Junior	18871
IT	13	Mid	47337
HR	10	Junior	27550
IT	4	Junior	22948
Manufacturing	12	Junior	31824
Manufacturing	15	Junior	37470
Marketing	10	Lead	97700
Sales	2	Lead	86692
Finance	14	Junior	36480
IT	7	Senior	70129
IT	9	Lead	98293
Finance	8	Mid	42000
Sales	2	Senior	62156
Sales	6	Mid	43388
Finance	10	Junior	26300
IT	4	Mid	40572
HR	0	Lead	85000
Marketing	13	Lead	103993
Sales	10	Lead	96660
Quality	6	Mid	41936
Manufacturing	12	Junior	34980
Finance	10	Junior	26940
Manufacturing	9	Junior	30690
IT	3	Lead	88684
Marketing	14	Junior	31734
Finance	3	Junior	21090
Finance	7	Lead	95325
IT	6	Senior	66654
Sales	2	Junior	20274
Sales	7	Lead	91503
HR	9	Senior	70917
Marketing	2	Senior	62830
Finance	4	Junior	23284
Marketing	6	Mid	40628
Finance	11	Mid	45956
Marketing	5	Mid	42260
Quality	11	Senior	72331
HR	0	Senior	60000
Manufacturing	2	Lead	87018
Quality	4	Mid	38888
Sales	6	Senior	65142
Manufacturing	9	Junior	28089
IT	15	Mid	48920
Manufacturing	15	Junior	37950
IT	5	Lead	91050
Marketing	2	Senior	61910
Finance	9	Mid	43208
Quality	12	Junior	34080
IT	3	Junior	22437
Manufacturing	0	Junior	18000
IT	0	Mid	35000
IT	2	Junior	19606
Finance	7	Senior	68232
Sales	0	Mid	35000
Finance	15	Lead	99115
Quality	14	Senior	77262
Manufacturing	8	Junior	25936
Sales	4	Mid	39384
Marketing	2	Mid	36994
Finance	1	Senior	61280
Quality	15	Mid	52625
Quality	9	Junior	27225
HR	6	Lead	93424
Manufacturing	1	Mid	35903
Manufacturing	7	Senior	65740
Finance	5	Senior	64495
IT	4	Junior	22236
Quality	4	Mid	39432
IT	9	Junior	28161
Quality	12	Senior	70428
IT	2	Junior	20656
Quality	15	Lead	104965
Sales	7	Senior	70304
Marketing	3	Mid	38432
Quality	11	Junior	30859
HR	11	Senior	72991
Sales	13	Senior	79149
Marketing	5	Junior	23655
Marketing	1	Senior	61354
HR	2	Senior	62788
Marketing	8	Senior	71352
Marketing	13	Junior	31143
Quality	5	Junior	22960
Finance	11	Junior	34027
Manufacturing	13	Lead	103746
Quality	5	Lead	91400
Manufacturing	15	Junior	32025
Quality	6	Lead	91030
Marketing	10	Senior	69330
Finance	1	Lead	86478
Marketing	11	Lead	97144
IT	15	Senior	80250
Quality	13	Junior	36161
Manufacturing	7	Lead	91629
Quality	10	Senior	73140
Quality	0	Mid	35000
HR	11	Lead	93855
HR	14	Mid	50932
HR	9	Junior	28017
IT	7	Mid	43981
HR	2	Mid	37042
IT	0	Lead	85000
Sales	3	Mid	38999
IT	6	Mid	41774
Finance	0	Lead	85000
HR	1	Mid	35820
Manufacturing	10	Senior	68330
Marketing	1	Senior	61020
HR	12	Senior	75636
Manufacturing	9	Senior	73194
HR	9	Mid	42929
Manufacturing	7	Mid	45192
Sales	14	Lead	99336
Manufacturing	5	Senior	67460
Marketing	13	Lead	99092
Marketing	1	Senior	61078
Finance	10	Mid	47780
IT	14	Mid	55356
IT	14	Lead	103578
HR	0	Senior	60000
HR	10	Mid	45510
IT	1	Senior	61174
HR	15	Lead	100240
Quality	6	Mid	39950
Manufacturing	5	Junior	23200
Quality	7	Junior	23887
Manufacturing	2	Senior	61684
IT	12	Lead	99208
Sales	0	Mid	35000
Quality	8	Senior	68832
Finance	10	Senior	74300
Manufacturing	0	Mid	35000
Quality	12	Mid	44888
Finance	7	Mid	45227
IT	6	Senior	66402
Marketing	11	Lead	99894
Marketing	7	Mid	42686
Marketing	15	Senior	79575
Finance	6	Lead	92854
Sales	6	Senior	65010
Sales	11	Senior	69240
IT	14	Junior	38468
Manufacturing	5	Junior	23190
Marketing	13	Mid	48104
Finance	15	Junior	34590
HR	2	Junior	19906
Marketing	7	Senior	66524
Sales	9	Senior	72303
Manufacturing	9	Mid	47879
Quality	14	Mid	52612
HR	9	Junior	29340
Quality	0	Lead	85000
IT	6	Junior	23694
IT	6	Lead	91690
Marketing	4	Lead	88736
Finance	11	Lead	96572
IT	13	Senior	76887
Quality	12	Mid	48044
Sales	7	Lead	91132
Finance	7	Junior	25028
HR	4	Mid	40396
Sales	1	Senior	61308
Manufacturing	10	Mid	49610
IT	14	Mid	47250
Manufacturing	5	Lead	90415
Sales	4	Lead	90056
HR	1	Mid	35822
Finance	5	Mid	41160
Manufacturing	2	Junior	20246
Manufacturing	12	Lead	95200
Marketing	14	Mid	54586
Manufacturing	13	Mid	47298
Sales	1	Junior	19155
Manufacturing	5	Lead	90420
IT	9	Senior	71601
HR	6	Junior	25854
HR	12	Mid	46820
IT	14	Junior	37880
HR	9	Senior	72636
Manufacturing	4	Junior	21624
Sales	7	Mid	43981
Quality	0	Senior	60000
Sales	14	Junior	31860
Manufacturing	8	Lead	95128
Sales	2	Junior	20670
IT	5	Lead	90285
Manufacturing	1	Lead	85950
HR	11	Lead	97551
Finance	1	Lead	86078
IT	14	Junior	35878
Finance	11	Senior	71473
HR	5	Junior	25065
Quality	15	Senior	75435
Sales	3	Mid	38141
IT	1	Senior	60839
Sales	12	Lead	103000
IT	4	Mid	39548
IT	13	Junior	36447
Finance	5	Junior	25395
HR	7	Junior	25343
Quality	6	Lead	90424
Quality	6	Lead	91258
IT	10	Lead	96900
HR	12	Senior	71172
Marketing	4	Lead	89952
Quality	10	Mid	44190
Marketing	3	Senior	62667
Finance	3	Lead	88720
HR	9	Senior	68631
HR	3	Junior	20529
Quality	8	Mid	42224
IT	1	Mid	36389
Manufacturing	0	Junior	18000
Sales	13	Lead	99573
Sales	2	Lead	87212
Quality	0	Mid	35000
HR	3	Senior	63063
HR	7	Lead	95290
Finance	7	Lead	95241
Sales	8	Mid	44192
Sales	15	Senior	81435
HR	12	Junior	35640
Sales	0	Senior	60000
Marketing	5	Mid	39800
Quality	4	Mid	38936
Sales	4	Mid	38936
Sales	9	Senior	69558
Finance	14	Junior	37614
Quality	0	Senior	60000
HR	13	Lead	100548
Sales	11	Senior	76016
IT	11	Lead	95461
Sales	8	Lead	92296
Quality	5	Mid	39270
Manufacturing	11	Senior	74432
Sales	8	Senior	67352
IT	7	Lead	93141
HR	6	Mid	40508
Manufacturing	6	Lead	92566
Quality	9	Senior	67803
Marketing	6	Mid	43964
IT	3	Senior	63840
Quality	14	Mid	47852
Finance	8	Senior	71992
Manufacturing	6	Mid	42440
HR	14	Mid	50666
Quality	4	Lead	88812
Sales	4	Lead	88460
Manufacturing	12	Mid	52280
Quality	5	Lead	90130
Marketing	13	Senior	71557
Marketing	13	Senior	77810
Sales	14	Senior	76044
Marketing	1	Lead	85852
Sales	4	Lead	89300
IT	11	Lead	94493
Manufacturing	12	Lead	94732
Manufacturing	8	Senior	67216
HR	5	Mid	41940
Quality	8	Junior	28304
HR	0	Junior	18000
Sales	6	Lead	92392
Sales	1	Mid	36409
HR	5	Senior	65725
Finance	0	Mid	35000
Quality	2	Mid	37070
Finance	0	Senior	60000
Finance	13	Mid	52303
IT	8	Junior	27976
Finance	0	Lead	85000
Finance	6	Senior	67710
IT	4	Junior	23612
Finance	11	Senior	72034
IT	11	Junior	31684
IT	4	Mid	39796
Finance	5	Junior	24255
Finance	2	Lead	87196
Marketing	11	Senior	70879
Marketing	11	Senior	74399
Quality	12	Senior	72240
IT	4	Senior	64108
Finance	8	Mid	42824
Marketing	12	Senior	72000
Marketing	6	Mid	40394
IT	2	Mid	37666
HR	1	Lead	86400
HR	14	Lead	100162
Finance	11	Senior	72936
Marketing	3	Mid	38588
Manufacturing	11	Junior	31442
Finance	5	Mid	39635
HR	1	Senior	60908
IT	1	Mid	36174
Manufacturing	4	Senior	64608
Sales	9	Senior	70314
Sales	9	Lead	97798
Manufacturing	3	Lead	87652
Sales	1	Junior	18815
IT	15	Junior	37800
Quality	0	Junior	18000
HR	8	Senior	70864
Sales	14	Lead	97614
Quality	3	Lead	88621
HR	1	Senior	60910
IT	9	Senior	69342
IT	4	Mid	39780
Manufacturing	12	Junior	27828
HR	1	Mid	36464
HR	15	Junior	34110
Quality	7	Junior	27730
HR	4	Mid	39484
Sales	13	Mid	49404
Manufacturing	5	Junior	25105
Sales	8	Lead	95640
HR	15	Senior	73080
Marketing	2	Mid	37780
Quality	1	Mid	36229
Quality	13	Junior	30454
HR	8	Senior	71240
Manufacturing	3	Lead	89110
Finance	10	Lead	98740
Finance	7	Mid	44128
Sales	6	Mid	40262
IT	8	Senior	69584
IT	9	Senior	68748
Sales	5	Lead	89790
Quality	14	Junior	33260
IT	14	Junior	34590
IT	7	Lead	94527
Finance	6	Lead	93760
Sales	10	Mid	47530
Finance	13	Senior	77914
Sales	14	Lead	104838
IT	10	Mid	44370
Sales	0	Junior	18000
HR	15	Senior	82020
IT	5	Lead	89750
Manufacturing	6	Mid	40820
Finance	11	Senior	70241
Marketing	4	Lead	90456
IT	6	Senior	68196
Manufacturing	13	Junior	29674
Marketing	2	Senior	62518
IT	5	Mid	40540
Quality	0	Lead	85000
IT	3	Lead	87487
IT	9	Junior	29133
HR	13	Senior	73169
Manufacturing	8	Senior	71560
HR	14	Senior	74952
HR	6	Lead	93316
Sales	2	Lead	87370
Manufacturing	5	Mid	42145
Sales	0	Senior	60000
IT	0	Junior	18000
Quality	10	Junior	29040
Sales	0	Senior	60000
Manufacturing	7	Junior	26883
Finance	10	Junior	31470
Finance	1	Junior	19101
HR	11	Lead	96022
HR	1	Mid	35962
Finance	0	Senior	60000
Manufacturing	3	Lead	87685
Sales	9	Junior	25542
Sales	14	Lead	96606
Sales	0	Senior	60000
Manufacturing	3	Junior	22386
Manufacturing	14	Lead	105930
Sales	13	Senior	76458
Quality	10	Senior	73540
IT	5	Lead	91130
Marketing	15	Lead	104800
Quality	5	Lead	91100
Quality	8	Mid	46136
Finance	8	Lead	94008
Sales	1	Mid	35846
Quality	4	Lead	89620
Quality	2	Senior	62754
Finance	10	Senior	71450
Sales	3	Lead	88018
Quality	6	Senior	67788
Finance	12	Junior	27672
IT	3	Mid	37856
HR	1	Junior	19140
Sales	7	Lead	90691
Finance	9	Junior	26775
IT	1	Mid	36202
Finance	8	Junior	25576
HR	14	Junior	35416
Marketing	15	Junior	31035
IT	5	Junior	23625
Quality	4	Junior	21576
HR	6	Senior	67866
Finance	15	Lead	100615
Marketing	12	Junior	29832
Quality	15	Lead	103315
IT	14	Lead	99672
Manufacturing	3	Junior	21603
HR	7	Senior	69254
Manufacturing	14	Senior	77206
Marketing	2	Senior	62018
Finance	10	Senior	73220
Manufacturing	11	Mid	45186
Finance	13	Junior	34471
IT	5	Mid	40065
Quality	8	Junior	29760
Manufacturing	10	Mid	48880
HR	6	Senior	67680
Finance	12	Junior	28272
IT	10	Lead	93110
HR	10	Senior	74080
HR	14	Mid	52038
Finance	11	Lead	100576
Marketing	0	Mid	35000
HR	8	Lead	92512
Quality	2	Senior	62406
HR	2	Lead	87350
Quality	7	Junior	25602
Quality	3	Senior	62553
Quality	10	Lead	93830
HR	6	Mid	41348
Manufacturing	10	Senior	71320
HR	8	Lead	96448
HR	1	Mid	36057
Sales	1	Junior	19249
HR	0	Senior	60000
Quality	1	Lead	86301
Manufacturing	11	Senior	71341
Quality	13	Junior	28751
Finance	14	Mid	49756
Finance	12	Senior	77472
Manufacturing	9	Junior	26253
IT	3	Junior	20643
Sales	13	Mid	50002
Marketing	7	Mid	40761
Manufacturing	3	Junior	22413
Marketing	7	Lead	95297
Quality	8	Mid	41904
Finance	2	Lead	87676
Sales	0	Senior	60000
Finance	5	Mid	42150
Quality	5	Junior	24140
HR	11	Mid	50576
IT	10	Lead	93530
Finance	3	Senior	64125
Marketing	7	Mid	45045
Quality	12	Mid	49544
Sales	10	Senior	68480
Marketing	5	Junior	24770
Quality	15	Lead	99490
Manufacturing	5	Lead	90940
Quality	4	Mid	38736
Finance	12	Senior	72264
IT	6	Junior	24678
Finance	12	Lead	102736
IT	9	Lead	92470
HR	14	Mid	47908
HR	1	Junior	19305
Quality	14	Lead	98524
Quality	2	Lead	87872
Manufacturing	4	Junior	22696
Sales	0	Senior	60000
Quality	15	Lead	106915
Manufacturing	7	Junior	27961
IT	0	Mid	35000
Quality	14	Lead	102332
Marketing	4	Lead	90368
Manufacturing	3	Mid	38768
HR	12	Junior	31560
HR	7	Senior	69954
Manufacturing	3	Senior	64017
IT	12	Lead	95932
Quality	4	Lead	88876
Finance	11	Junior	33521
Marketing	12	Senior	75756
HR	2	Junior	20926
Manufacturing	10	Junior	26600
Manufacturing	13	Senior	76471
IT	12	Senior	69768
IT	6	Mid	43718
Marketing	0	Junior	18000
Finance	15	Lead	105535
IT	3	Senior	64245
Manufacturing	12	Lead	97204
Quality	10	Mid	46010
Manufacturing	14	Junior	35822
IT	8	Senior	71928
Quality	6	Senior	67644
Manufacturing	10	Senior	68890
Finance	4	Senior	64516
Manufacturing	8	Mid	46688
Sales	3	Lead	88726
Sales	9	Junior	29736
HR	11	Senior	71495
Manufacturing	7	Junior	23838
Sales	8	Mid	42176
Quality	13	Junior	33418
Sales	4	Junior	22972
Marketing	2	Mid	37956
Manufacturing	12	Lead	100480
Quality	3	Junior	20406
IT	13	Mid	47467
IT	2	Lead	86814
Manufacturing	14	Senior	71690
Quality	13	Mid	51770
Finance	10	Mid	45770
Quality	11	Junior	33697
Manufacturing	2	Lead	87646
Marketing	10	Senior	70510
Finance	1	Mid	36104
Manufacturing	9	Junior	28224
HR	1	Mid	36419
Sales	0	Senior	60000
HR	2	Mid	37186
HR	0	Lead	85000
IT	3	Mid	38393
Marketing	7	Mid	42651
HR	3	Junior	22173
Sales	13	Junior	36863
IT	14	Senior	80314
Quality	5	Junior	25500
HR	4	Lead	90108
HR	15	Junior	40305
Marketing	5	Lead	91850
Finance	12	Junior	35676
Manufacturing	2	Senior	62730
Sales	2	Lead	87422
Manufacturing	4	Lead	90612
Finance	2	Senior	62382
Finance	6	Senior	65988
Quality	6	Senior	67188
Sales	11	Lead	101071
Quality	12	Mid	48332
Finance	11	Junior	28153
HR	1	Mid	36065
Sales	0	Junior	18000
Sales	7	Senior	67497
Finance	14	Mid	52640
HR	12	Junior	34740
Marketing	5	Junior	22015
Quality	15	Junior	38640
Finance	9	Junior	31041
HR	8	Junior	29264
Marketing	10	Junior	26030
HR	14	Lead	103914
Manufacturing	12	Senior	74172
HR	7	Senior	67238
Sales	3	Senior	64290
Sales	4	Senior	63956
Finance	6	Lead	91228
Marketing	14	Mid	52262
Marketing	13	Lead	97532
IT	7	Senior	68134
HR	3	Mid	37898
IT	4	Junior	23384
Sales	4	Mid	39940
Finance	8	Senior	66752
Quality	5	Lead	90035
HR	14	Senior	75806
Marketing	2	Senior	62074
Quality	2	Mid	36720
Quality	4	Mid	40412
HR	13	Lead	102485
Finance	15	Mid	49955
Finance	13	Mid	48988
Quality	8	Senior	66568
Marketing	2	Senior	62086
Sales	12	Lead	100288
Sales	0	Mid	35000
Marketing	3	Lead	88960
Marketing	8	Mid	43328
IT	8	Lead	94864
Quality	2	Lead	87142
Finance	1	Mid	36114
Marketing	12	Lead	97816
Manufacturing	14	Senior	80664
Manufacturing	3	Junior	20880
Sales	10	Senior	69960
Manufacturing	14	Junior	30740
HR	6	Senior	65352
IT	9	Senior	67596
Quality	5	Mid	41505
Marketing	11	Junior	26998
HR	5	Lead	91545
HR	10	Mid	47930
Manufacturing	5	Junior	25380
Quality	1	Senior	61235
Finance	14	Junior	33876
HR	8	Lead	92264
Finance	4	Mid	39384
HR	9	Mid	42731
Manufacturing	11	Mid	46781
Sales	8	Lead	94120
Quality	15	Mid	50255
Quality	14	Junior	38160
Finance	11	Mid	45274
Manufacturing	11	Junior	32773
Quality	8	Junior	27656
IT	4	Mid	40320
Marketing	1	Lead	86026
Quality	12	Junior	31332
HR	8	Lead	92992
Quality	9	Junior	28926
HR	6	Senior	67362
Marketing	9	Senior	69747
IT	15	Junior	39285
Manufacturing	7	Junior	27247
HR	7	Lead	95423
IT	14	Lead	101884
Quality	7	Junior	26792
Marketing	5	Lead	91690
HR	2	Lead	87218
Manufacturing	2	Lead	87000
Manufacturing	15	Mid	54245
Manufacturing	7	Lead	92574
Sales	8	Senior	66744
IT	10	Senior	70590
IT	10	Senior	69450
Manufacturing	6	Lead	92572
Finance	9	Junior	30060
HR	3	Senior	63996
Manufacturing	10	Senior	69070
Quality	11	Lead	98112
Quality	14	Junior	31314
HR	3	Lead	88693
Finance	10	Junior	28260
Quality	13	Junior	31130
Sales	9	Mid	47627
IT	14	Mid	53606
Quality	6	Mid	43754
Sales	3	Mid	37784
Manufacturing	5	Mid	42095
IT	5	Junior	23725
Sales	4	Senior	65264
IT	6	Lead	92974
Marketing	0	Lead	85000
Marketing	15	Junior	31890
Marketing	6	Mid	42656
Sales	12	Junior	29640
IT	5	Junior	23895
Quality	1	Junior	18818
Finance	14	Lead	99980
Manufacturing	9	Junior	28314
Marketing	8	Junior	27976
Marketing	9	Senior	73104
Finance	15	Mid	47360
Sales	11	Junior	33961
IT	3	Mid	37652
IT	7	Senior	67525
Manufacturing	12	Senior	73860
Manufacturing	14	Mid	51184
Sales	7	Mid	42021
Sales	2	Junior	19874
Marketing	4	Mid	40620
HR	12	Lead	98092
Manufacturing	15	Junior	35115
HR	12	Lead	99496
Quality	13	Lead	98910
Quality	14	Junior	36816
Marketing	11	Junior	33389
HR	1	Junior	19185
HR	14	Junior	32252
Marketing	10	Junior	26770
Sales	15	Senior	73185
Manufacturing	10	Senior	72290
Quality	11	Mid	45384
Quality	10	Senior	74520
Marketing	9	Junior	31059
Finance	13	Senior	75782
Sales	4	Senior	65228
HR	5	Lead	89660
Marketing	1	Mid	36471
Sales	1	Junior	19450
Manufacturing	12	Lead	94804
Finance	6	Lead	92908
IT	1	Lead	86343
Sales	0	Senior	60000
Quality	1	Mid	36319
IT	15	Senior	79860
Manufacturing	14	Junior	30446
Marketing	11	Senior	75103
Quality	13	Mid	45920
Quality	0	Lead	85000
Quality	1	Junior	18876
HR	13	Senior	74820
IT	7	Junior	27184
IT	12	Junior	32940
Manufacturing	13	Senior	71037
HR	14	Senior	72600
Finance	15	Mid	52235
Finance	1	Junior	19383
Quality	8	Junior	24856
Finance	8	Lead	95288
Manufacturing	11	Senior	71330
IT	15	Mid	48485
Marketing	11	Senior	71253
Sales	11	Senior	68932
Manufacturing	15	Mid	49835
Manufacturing	11	Mid	49069
Manufacturing	13	Senior	79097
Manufacturing	7	Lead	90957
Finance	14	Lead	99504
Marketing	12	Senior	72900
HR	9	Lead	93730
Quality	0	Mid	35000
Quality	2	Mid	37976
Finance	11	Mid	45285
IT	6	Senior	65370
Finance	3	Mid	37412
Quality	14	Lead	101576
Marketing	8	Senior	71072
HR	12	Mid	46472
Manufacturing	11	Lead	94240
Manufacturing	15	Lead	98950
Finance	14	Lead	101170
HR	13	Senior	75899
Quality	15	Lead	104560
Quality	12	Senior	75048
Manufacturing	11	Junior	28307
Manufacturing	1	Junior	19259
Marketing	14	Senior	72908
Sales	11	Lead	97540
HR	5	Junior	24130
Quality	13	Senior	74872
Sales	13	Lead	97402
Marketing	7	Junior	25623
Finance	1	Junior	18897
Marketing	5	Senior	67485
HR	11	Junior	33136
Quality	4	Junior	21648
Finance	9	Lead	97501
Finance	15	Lead	102130
Finance	2	Mid	37222
Marketing	12	Mid	46628
Finance	14	Lead	98972
Finance	0	Lead	85000
Finance	15	Senior	74430
HR	10	Mid	46780
Sales	5	Mid	40730
Marketing	2	Senior	61988
Finance	2	Senior	61794
Finance	10	Junior	28310
HR	14	Junior	38566
Quality	9	Junior	31176
Quality	3	Mid	38981
HR	13	Lead	103499
Manufacturing	14	Lead	100204
IT	6	Senior	66474
Quality	4	Mid	40536
HR	2	Senior	62956
HR	4	Lead	89304
Manufacturing	6	Junior	24900
Finance	13	Lead	101874
Sales	13	Senior	75041
HR	0	Junior	18000
Manufacturing	2	Junior	20888
Sales	4	Junior	22424
Marketing	12	Mid	49904
HR	5	Junior	22095
Manufacturing	15	Mid	49190
Manufacturing	8	Mid	43880
HR	4	Senior	64860
Sales	9	Junior	28755
Finance	8	Lead	95424
Finance	3	Mid	38750
Manufacturing	14	Senior	74756
Manufacturing	9	Lead	92443
Sales	3	Lead	88387
Quality	0	Mid	35000
Sales	3	Junior	22365
Marketing	15	Senior	78870
IT	15	Junior	39210
Sales	12	Lead	97120
Finance	4	Lead	90080
Manufacturing	5	Mid	40010
Finance	9	Junior	28134
Quality	10	Senior	73710
Marketing	1	Senior	61170
Sales	9	Mid	47933
Marketing	4	Junior	23940
Marketing	15	Junior	33585
Manufacturing	8	Mid	43736
Manufacturing	0	Lead	85000
Sales	1	Mid	36148
Sales	10	Senior	72740
HR	2	Lead	87592
Manufacturing	7	Mid	41734
Quality	3	Lead	89275
Marketing	11	Junior	28967
IT	4	Senior	64204
Quality	2	Lead	87696
Marketing	15	Senior	77550
IT	14	Lead	104600
Quality	9	Mid	42272
Marketing	14	Mid	51828
Manufacturing	4	Senior	63592
HR	13	Junior	29154
Quality	1	Mid	36223
IT	10	Mid	46880
HR	2	Junior	20156
Manufacturing	10	Junior	29180
HR	5	Junior	25095
Sales	13	Senior	75691
Marketing	11	Senior	74102
Sales	10	Lead	96870
Marketing	2	Mid	37052
IT	10	Junior	32750
Marketing	0	Mid	35000
Manufacturing	3	Lead	89002
Sales	12	Junior	35784
IT	5	Mid	39560
Finance	8	Junior	24968
Manufacturing	4	Senior	63916
Sales	1	Mid	36491
IT	3	Senior	64104
Quality	10	Lead	99150
IT	3	Senior	63000
Manufacturing	4	Lead	90012
Finance	14	Lead	103438
IT	6	Mid	43442
Marketing	12	Junior	32244
Manufacturing	6	Junior	24204
Quality	5	Lead	89270
Quality	2	Junior	19642
HR	14	Mid	49056
Manufacturing	6	Mid	43130
Marketing	5	Senior	66830
Manufacturing	3	Senior	62913
IT	12	Senior	73404
Manufacturing	1	Mid	36384
Manufacturing	6	Junior	24246
Sales	3	Junior	22047
IT	9	Mid	44036
Finance	12	Senior	73932
Sales	0	Senior	60000
Sales	2	Senior	61858
Marketing	5	Lead	90815
IT	5	Lead	91140
Finance	8	Mid	45536
Quality	10	Senior	72450
HR	3	Junior	20538
Manufacturing	9	Mid	44441
Sales	1	Lead	86064
Finance	4	Lead	90120
IT	5	Junior	23395
IT	6	Lead	93178
Manufacturing	0	Mid	35000
Marketing	7	Lead	92644
Sales	1	Senior	61299
HR	2	Senior	61844
Sales	9	Senior	68937
Marketing	9	Mid	42713
Manufacturing	15	Senior	79830
HR	1	Mid	36004
Manufacturing	6	Lead	89920
Sales	9	Junior	28458
HR	7	Senior	66090
Sales	14	Senior	76086
Sales	6	Mid	39944
Marketing	7	Senior	68022
Marketing	4	Junior	22176
Quality	9	Lead	97465
IT	12	Junior	29232
Finance	8	Junior	25904
Marketing	12	Senior	74868
Marketing	9	Mid	45971
Manufacturing	5	Senior	64660
Quality	7	Lead	93883
Marketing	11	Mid	45252
Sales	6	Junior	24804
Marketing	5	Junior	22005
IT	14	Lead	103032
Sales	9	Mid	47663
Quality	6	Senior	67026
Quality	4	Mid	39924
Quality	8	Senior	70248
Finance	10	Junior	27040
Quality	1	Junior	18969
